CELL_ID,SCGP
1,0
2,2
3,0
4,2
5,2
6,2
7,0
8,0
9,2
10,2
11,1
12,1
13,1
14,1
15,0
16,0
17,0
18,1
19,1
20,1
21,0
22,1
23,0
24,0
25,0
26,1
27,1
28,1
29,0
30,0
31,0
32,0
33,1
34,0
35,1
36,0
37,0
38,0
39,1
40,1
41,1
42,0
43,0
44,0
45,0
46,0
47,1
48,0
49,1
50,0
51,0
52,1
53,0
54,0
55,1
56,1
57,0
58,0
59,2
60,0
61,1
62,0
63,0
64,2
65,1
66,0
67,1
68,1
69,2
70,2
71,1
72,1
73,0
74,1
75,2
76,0
77,2
78,1
79,1
80,1
81,2
82,1
83,2
84,2
85,0
86,0
87,2
88,2
89,0
90,0
91,0
92,2
93,0
94,0
95,1
96,1
97,0
98,0
99,1
100,0
101,2
102,1
103,0
104,0
105,2
106,0
107,1
108,1
109,0
110,2
111,1
112,0
113,-1
114,0
115,0
116,2
117,2
118,2
119,2
120,2
121,2
122,1
123,0
124,1
125,2
126,0
127,1
128,0
129,1
130,2
131,0
132,0
133,0
134,0
135,2
136,0
137,0
138,2
139,1
140,0
141,1
142,1
143,2
144,0
145,2
146,2
147,0
148,0
149,0
150,2
151,0
152,0
153,2
154,0
155,0
156,0
157,2
158,0
159,2
160,2
161,0
162,2
163,0
164,0
165,2
166,0
167,1
168,1
169,2
170,0
171,0
172,1
173,0
174,1
175,0
176,1
177,0
178,1
179,0
180,0
181,2
182,0
183,1
184,2
185,0
186,2
187,2
188,1
189,0
190,0
191,0
192,1
193,0
194,0
195,0
196,0
197,2
198,2
199,0
200,2
201,1
202,0
203,0
204,0
205,1
206,2
207,0
208,0
209,0
210,0
211,0
212,0
213,2
214,1
215,2
216,0
217,2
218,2
219,0
220,-1
221,0
222,0
223,0
224,2
225,0
226,1
227,0
228,2
229,2
230,0
231,2
232,2
233,2
234,2
235,2
236,0
237,0
238,2
239,0
240,0
241,0
242,0
243,2
244,0
245,2
246,0
247,2
248,1
249,2
250,0
251,2
252,0
253,0
254,0
255,2
256,2
257,0
258,0
259,1
260,0
261,1
262,0
263,2
264,1
265,0
266,0
267,0
268,2
269,0
270,3
271,1
272,1
273,2
274,3
275,0
276,0
277,0
278,0
279,1
280,1
281,0
282,1
283,2
284,0
285,2
286,2
287,0
288,0
289,0
290,2
291,2
292,0
293,0
294,1
295,0
296,0
297,2
298,2
299,0
300,0
301,1
302,2
303,2
304,2
305,0
306,2
307,0
308,1
309,1
310,0
311,0
312,2
313,0
314,0
315,2
316,2
317,2
318,2
319,2
320,0
321,0
322,0
323,0
324,1
325,2
326,2
327,2
328,1
329,1
330,2
331,0
332,2
333,0
334,0
335,2
336,2
337,0
338,2
339,2
340,0
341,0
342,0
343,0
344,0
345,2
346,2
347,0
348,2
349,1
350,0
351,0
352,2
353,0
354,1
355,0
356,2
357,0
358,2
359,2
360,1
361,2
362,2
363,2
364,0
365,0
366,2
367,0
368,0
369,2
370,2
371,2
372,0
373,0
374,2
375,0
376,0
377,1
378,2
379,0
380,0
381,0
382,2
383,1
384,2
385,1
386,2
387,0
388,0
389,2
390,-1
391,2
392,0
393,2
394,1
395,2
396,2
397,0
398,1
399,0
400,1
401,1
402,1
403,1
404,2
405,1
406,2
407,0
408,2
409,2
410,0
411,2
412,0
413,0
414,1
415,2
416,2
417,0
418,0
419,0
420,2
421,1
422,0
423,1
424,1
425,2
426,2
427,1
428,2
429,0
430,2
431,0
432,0
433,1
434,0
435,1
436,0
437,2
438,0
439,1
440,0
441,2
442,2
443,1
444,0
445,0
446,2
447,2
448,2
449,2
450,0
451,1
452,1
453,2
454,2
455,0
456,1
457,0
458,0
459,0
460,1
461,0
462,1
463,2
464,2
465,0
466,0
467,0
468,0
469,2
470,2
471,2
472,2
473,1
474,1
475,2
476,0
477,2
478,0
479,0
480,0
481,2
482,0
483,2
484,4
485,2
486,1
487,0
488,0
489,2
490,0
491,1
492,2
493,1
494,0
495,0
496,2
497,2
498,2
499,1
500,0
501,2
502,0
503,2
504,2
505,2
506,0
507,0
508,2
509,0
510,1
511,0
512,4
513,0
514,1
515,0
516,2
517,2
518,0
519,0
520,1
521,2
522,2
523,1
524,2
525,0
526,1
527,0
528,0
529,1
530,2
531,0
532,2
533,0
534,2
535,2
536,1
537,2
538,0
539,0
540,2
541,2
542,1
543,2
544,2
545,2
546,0
547,1
548,2
549,0
550,0
551,2
552,2
553,2
554,0
555,1
556,0
557,2
558,1
559,0
560,2
561,2
562,1
563,0
564,1
565,2
566,2
567,0
568,0
569,0
570,1
571,1
572,2
573,2
574,2
575,2
576,2
577,0
578,2
579,1
580,2
581,1
582,2
583,1
584,0
585,0
586,0
587,2
588,0
589,2
590,0
591,2
592,2
593,2
594,0
595,2
596,0
597,0
598,2
599,0
600,0
601,2
602,1
603,2
604,1
605,2
606,0
607,2
608,2
609,2
610,0
611,2
612,2
613,2
614,2
615,2
616,2
617,1
618,2
619,2
620,2
621,-1
622,2
623,0
624,2
625,2
626,2
627,0
628,0
629,2
630,0
631,1
632,0
633,0
634,0
635,2
636,2
637,0
638,2
639,0
640,0
641,2
642,0
643,0
644,2
645,0
646,0
647,2
648,2
649,2
650,2
651,2
652,2
653,0
654,0
655,2
656,0
657,2
658,2
659,0
660,2
661,2
662,0
663,1
664,2
665,0
666,1
667,0
668,2
669,2
670,2
671,2
672,2
673,0
674,2
675,0
676,0
677,2
678,2
679,2
680,0
681,2
682,1
683,0
684,2
685,0
686,2
687,0
688,0
689,2
690,2
691,2
692,2
693,2
694,0
695,2
696,0
697,2
698,2
699,0
700,1
701,2
702,1
703,2
704,2
705,0
706,2
707,2
708,0
709,0
710,0
711,1
712,0
713,0
714,0
715,2
716,2
717,2
718,1
719,1
720,0
721,0
722,0
723,2
724,1
725,0
726,0
727,2
728,0
729,0
730,2
731,2
732,1
733,1
734,1
735,0
736,1
737,2
738,2
739,0
740,2
741,0
742,2
743,0
744,1
745,1
746,2
747,0
748,0
749,1
750,0
751,2
752,1
753,1
754,1
755,1
756,1
757,0
758,2
759,2
760,1
761,0
762,0
763,1
764,1
765,1
766,1
767,0
768,2
769,0
770,2
771,0
772,2
773,1
774,1
775,0
776,0
777,0
778,0
779,1
780,1
781,2
782,2
783,0
784,0
785,1
786,0
787,0
788,1
789,0
790,1
791,0
792,1
793,1
794,0
795,0
796,1
797,0
798,2
799,0
800,0
801,1
802,2
803,1
804,0
805,1
806,0
807,0
808,2
809,2
810,0
811,0
812,0
813,0
814,1
815,1
816,1
817,1
818,2
819,0
820,1
821,2
822,1
823,1
824,2
825,2
826,0
827,0
828,1
829,0
830,0
831,2
832,0
833,1
834,2
835,0
836,1
837,0
838,0
839,2
840,0
841,2
842,0
843,1
844,1
845,0
846,2
847,1
848,2
849,0
850,0
851,1
852,0
853,1
854,0
855,1
856,1
857,1
858,2
859,0
860,2
861,0
862,1
863,2
864,2
865,1
866,0
867,0
868,0
869,0
870,0
871,2
872,0
873,2
874,0
875,0
876,1
877,1
878,0
879,0
880,1
881,0
882,0
883,0
884,0
885,2
886,1
887,2
888,0
889,2
890,0
891,0
892,0
893,1
894,0
895,1
896,2
897,2
898,0
899,0
900,2
901,0
902,0
903,2
904,0
905,0
906,2
907,2
908,0
909,0
910,0
911,2
912,0
913,2
914,0
915,0
916,0
917,2
918,0
919,0
920,0
921,0
922,2
923,2
924,0
925,0
926,0
927,2
928,2
929,1
930,2
931,2
932,1
933,0
934,0
935,2
936,0
937,0
938,2
939,2
940,1
941,2
942,2
943,1
944,0
945,2
946,0
947,0
948,1
949,0
950,0
951,2
952,0
953,2
954,2
955,2
956,0
957,2
958,0
959,1
960,0
961,0
962,2
963,0
964,0
965,2
966,2
967,1
968,0
969,2
970,0
971,0
972,0
973,0
974,1
975,0
976,2
977,0
978,0
979,2
980,2
981,0
982,0
983,0
984,2
985,1
986,2
987,0
988,0
989,0
990,2
991,0
992,1
993,2
994,2
995,0
996,1
997,2
998,0
999,0
1000,2
1001,1
1002,0
1003,0
1004,0
1005,2
1006,2
1007,0
1008,2
1009,1
1010,0
1011,0
1012,0
1013,0
1014,1
1015,0
1016,4
1017,0
1018,0
1019,1
1020,0
1021,0
1022,0
1023,4
1024,2
1025,2
1026,2
1027,0
1028,0
1029,1
1030,1
1031,0
1032,0
1033,0
1034,1
1035,1
1036,0
1037,1
1038,1
1039,0
1040,0
1041,1
1042,0
1043,2
1044,1
1045,2
1046,0
1047,1
1048,1
1049,2
1050,0
1051,0
1052,0
1053,0
1054,1
1055,0
1056,0
1057,0
1058,1
1059,0
1060,0
1061,1
1062,1
1063,0
1064,0
1065,0
1066,0
1067,2
1068,1
1069,0
1070,0
1071,0
1072,1
1073,1
1074,0
1075,1
1076,0
1077,2
1078,2
1079,1
1080,0
1081,0
1082,0
1083,1
1084,2
1085,0
1086,0
1087,1
1088,2
1089,0
1090,0
1091,0
1092,1
1093,0
1094,1
1095,0
1096,2
1097,1
1098,1
1099,0
1100,0
1101,0
1102,1
1103,1
1104,0
1105,0
1106,2
1107,0
1108,0
1109,0
1110,0
1111,0
1112,1
1113,0
1114,1
1115,1
1116,0
1117,0
1118,0
1119,0
1120,0
1121,0
1122,0
1123,0
1124,1
1125,0
1126,2
1127,0
1128,1
1129,0
1130,2
1131,1
1132,0
1133,0
1134,0
1135,0
1136,0
1137,0
1138,0
1139,0
1140,0
1141,0
1142,0
1143,0
1144,1
1145,0
1146,1
1147,0
1148,1
1149,0
1150,0
1151,2
1152,0
1153,2
1154,0
1155,0
1156,1
1157,0
1158,0
1159,0
1160,0
1161,0
1162,2
1163,0
1164,0
1165,0
1166,1
1167,1
1168,0
1169,1
1170,1
1171,0
1172,0
1173,0
1174,0
1175,1
1176,0
1177,0
1178,0
1179,2
1180,0
1181,0
1182,1
1183,0
1184,0
1185,0
1186,0
1187,0
1188,0
1189,2
1190,0
1191,0
1192,1
1193,1
1194,0
1195,0
1196,4
1197,1
1198,0
1199,0
1200,0
1201,0
1202,1
1203,0
1204,0
1205,0
1206,0
1207,1
1208,0
1209,0
1210,1
1211,0
1212,0
1213,0
1214,1
1215,-1
1216,1
1217,1
1218,0
1219,0
1220,4
1221,0
1222,0
1223,0
1224,0
1225,2
1226,1
1227,0
1228,0
1229,0
1230,1
1231,0
1232,0
1233,0
1234,0
1235,0
1236,1
1237,0
1238,1
1239,1
1240,0
1241,0
1242,2
1243,0
1244,0
1245,0
1246,1
1247,0
1248,1
1249,1
1250,1
1251,2
1252,0
1253,1
1254,0
1255,1
1256,0
1257,0
1258,1
1259,2
1260,0
1261,1
1262,1
1263,1
1264,0
1265,1
1266,0
1267,0
1268,0
1269,0
1270,0
1271,2
1272,0
1273,0
1274,0
1275,0
1276,0
1277,2
1278,0
1279,0
1280,0
1281,0
1282,0
1283,1
1284,0
1285,0
1286,2
1287,2
1288,2
1289,1
1290,0
1291,1
1292,1
1293,0
1294,1
1295,2
1296,0
1297,1
1298,0
1299,0
1300,0
1301,2
1302,2
1303,0
1304,2
1305,1
1306,1
1307,2
1308,0
1309,2
1310,2
1311,0
1312,0
1313,1
1314,0
1315,0
1316,0
1317,0
1318,1
1319,0
1320,1
1321,0
1322,0
1323,0
1324,2
1325,0
1326,1
1327,2
1328,0
1329,1
1330,0
1331,0
1332,2
1333,2
1334,0
1335,0
1336,1
1337,0
1338,0
1339,2
1340,0
1341,0
1342,1
1343,2
1344,2
1345,0
1346,0
1347,0
1348,0
1349,1
1350,2
1351,0
1352,2
1353,0
1354,0
1355,0
1356,1
1357,2
1358,2
1359,0
1360,1
1361,0
1362,1
1363,1
1364,2
1365,1
1366,1
1367,2
1368,2
1369,0
1370,2
1371,0
1372,0
1373,2
1374,0
1375,1
1376,1
1377,0
1378,2
1379,0
1380,1
1381,2
1382,0
1383,1
1384,0
1385,1
1386,2
1387,0
1388,0
1389,2
1390,2
1391,0
1392,1
1393,0
1394,0
1395,2
1396,1
1397,0
1398,0
1399,0
1400,0
1401,1
1402,2
1403,0
1404,1
1405,1
1406,0
1407,0
1408,2
1409,0
1410,2
1411,2
1412,1
1413,2
1414,1
1415,2
1416,0
1417,1
1418,0
1419,2
1420,0
1421,0
1422,0
1423,0
1424,0
1425,1
1426,2
1427,1
1428,0
1429,0
1430,2
1431,2
1432,0
1433,1
1434,1
1435,0
1436,0
1437,0
1438,1
1439,0
1440,0
1441,2
1442,0
1443,2
1444,1
1445,0
1446,0
1447,0
1448,0
1449,1
1450,0
1451,0
1452,1
1453,1
1454,-1
1455,0
1456,1
1457,1
1458,0
1459,0
1460,2
1461,0
1462,0
1463,1
1464,1
1465,0
1466,0
1467,0
1468,0
1469,1
1470,2
1471,1
1472,0
1473,0
1474,0
1475,2
1476,0
1477,0
1478,0
1479,0
1480,0
1481,2
1482,2
1483,1
1484,0
1485,0
1486,2
1487,0
1488,0
1489,0
1490,0
1491,0
1492,2
1493,0
1494,0
1495,2
1496,0
1497,2
1498,1
1499,0
1500,2
1501,1
1502,1
1503,0
1504,0
1505,0
1506,0
1507,1
1508,0
1509,0
1510,0
1511,2
1512,0
1513,0
1514,1
1515,0
1516,0
1517,0
1518,2
1519,0
1520,0
1521,1
1522,0
1523,1
1524,2
1525,0
1526,2
1527,1
1528,0
1529,2
1530,0
1531,0
1532,0
1533,0
1534,1
1535,1
1536,2
1537,0
1538,1
1539,0
1540,0
1541,0
1542,0
1543,1
1544,1
1545,2
1546,1
1547,0
1548,1
1549,0
1550,1
1551,2
1552,0
1553,0
1554,0
1555,0
1556,0
1557,0
1558,0
1559,1
1560,2
1561,0
1562,0
1563,2
1564,0
1565,1
1566,0
1567,0
1568,1
1569,2
1570,0
1571,0
1572,0
1573,2
1574,0
1575,2
1576,2
1577,2
1578,0
1579,0
1580,0
1581,0
1582,0
1583,0
1584,0
1585,0
1586,1
1587,0
1588,1
1589,0
1590,1
1591,0
1592,0
1593,1
1594,0
1595,1
1596,1
1597,2
1598,2
1599,0
1600,2
1601,2
1602,1
1603,1
1604,0
1605,2
1606,2
1607,0
1608,2
1609,0
1610,0
1611,0
1612,2
1613,2
1614,0
1615,0
1616,0
1617,1
1618,0
1619,2
1620,2
1621,2
1622,2
1623,0
1624,0
1625,0
1626,0
1627,0
1628,0
1629,1
1630,0
1631,1
1632,0
1633,2
1634,2
1635,0
1636,0
1637,0
1638,1
1639,0
1640,2
1641,1
1642,1
1643,0
1644,0
1645,2
1646,2
1647,2
1648,2
1649,2
1650,0
1651,1
1652,2
1653,0
1654,1
1655,1
1656,0
1657,0
1658,0
1659,0
1660,0
1661,1
1662,0
1663,2
1664,2
1665,2
1666,1
1667,0
1668,0
1669,0
1670,2
1671,0
1672,3
1673,0
1674,2
1675,2
1676,2
1677,2
1678,1
1679,2
1680,0
1681,2
1682,0
1683,0
1684,2
1685,0
1686,2
1687,2
1688,0
1689,2
1690,2
1691,1
1692,1
1693,2
1694,2
1695,1
1696,1
1697,1
1698,2
1699,1
1700,0
1701,1
1702,0
1703,0
1704,0
1705,0
1706,2
1707,0
1708,0
1709,2
1710,2
1711,2
1712,2
1713,2
1714,0
1715,3
1716,0
1717,2
1718,3
1719,0
1720,0
1721,0
1722,1
1723,1
1724,0
1725,2
1726,0
1727,0
1728,0
1729,4
1730,1
1731,0
1732,0
1733,1
1734,1
1735,2
1736,0
1737,0
1738,1
1739,0
1740,2
1741,0
1742,2
1743,1
1744,3
1745,2
1746,0
1747,0
1748,0
1749,2
1750,1
1751,0
1752,1
1753,0
1754,2
1755,2
1756,0
1757,0
1758,3
1759,2
1760,1
1761,0
1762,1
1763,1
1764,1
1765,1
1766,1
1767,0
1768,1
1769,0
1770,3
1771,1
1772,2
1773,1
1774,2
1775,0
1776,0
1777,1
1778,2
1779,2
1780,1
1781,0
1782,2
1783,3
1784,2
1785,4
1786,2
1787,4
1788,0
1789,3
1790,0
1791,0
1792,1
1793,4
1794,2
1795,1
1796,0
1797,2
1798,2
1799,0
1800,0
1801,0
1802,0
1803,1
1804,0
1805,2
1806,2
1807,2
1808,2
1809,3
1810,0
1811,3
1812,3
1813,2
1814,2
1815,3
1816,0
1817,4
1818,2
1819,2
1820,2
1821,1
1822,0
1823,1
1824,0
1825,3
1826,1
1827,1
1828,3
1829,0
1830,1
1831,4
1832,0
1833,0
1834,2
1835,0
1836,3
1837,1
1838,2
1839,0
1840,0
1841,0
1842,0
1843,0
1844,2
1845,0
1846,2
1847,2
1848,1
1849,0
1850,2
1851,0
1852,3
1853,3
1854,0
1855,0
1856,0
1857,3
1858,4
1859,0
1860,0
1861,3
1862,2
1863,3
1864,2
1865,0
1866,3
1867,4
1868,0
1869,1
1870,4
1871,0
1872,3
1873,2
1874,4
1875,0
1876,2
1877,3
1878,0
1879,0
1880,3
1881,4
1882,2
1883,2
1884,0
1885,1
1886,0
1887,2
1888,0
1889,0
1890,3
1891,1
1892,0
1893,0
1894,1
1895,3
1896,0
1897,4
1898,2
1899,4
1900,0
1901,4
1902,1
1903,0
1904,0
1905,1
1906,4
1907,0
1908,0
1909,0
1910,4
1911,3
1912,1
1913,1
1914,1
1915,0
1916,3
1917,0
1918,4
1919,1
1920,0
1921,1
1922,1
1923,3
1924,1
1925,0
1926,1
1927,2
1928,0
1929,4
1930,4
1931,2
1932,4
1933,0
1934,2
1935,2
1936,0
1937,3
1938,4
1939,1
1940,0
1941,3
1942,1
1943,3
1944,1
1945,1
1946,2
1947,0
1948,2
1949,4
1950,0
1951,0
1952,1
1953,1
1954,0
1955,4
1956,1
1957,3
1958,0
1959,0
1960,0
1961,0
1962,3
1963,3
1964,0
1965,0
1966,2
1967,0
1968,3
1969,3
1970,3
1971,2
1972,1
1973,4
1974,0
1975,0
1976,3
1977,2
1978,1
1979,3
1980,1
1981,4
1982,1
1983,2
1984,1
1985,3
1986,0
1987,1
1988,2
1989,0
1990,3
1991,3
1992,1
1993,0
1994,1
1995,2
1996,0
1997,0
1998,0
1999,0
2000,0
2001,4
2002,4
2003,4
2004,3
2005,3
2006,0
2007,0
2008,0
2009,2
2010,0
2011,1
2012,1
2013,2
2014,1
2015,1
2016,3
2017,2
2018,0
2019,2
2020,3
2021,3
2022,0
2023,1
2024,0
2025,1
2026,3
2027,2
2028,3
2029,1
2030,1
2031,0
2032,1
2033,3
2034,2
2035,4
2036,1
2037,1
2038,1
2039,3
2040,0
2041,4
2042,2
2043,-1
2044,1
2045,0
2046,1
2047,0
2048,0
2049,2
2050,3
2051,3
2052,4
2053,1
2054,3
2055,1
2056,0
2057,3
2058,0
2059,2
2060,3
2061,4
2062,4
2063,1
2064,0
2065,0
2066,2
2067,0
2068,1
2069,1
2070,2
2071,3
2072,4
2073,3
2074,0
2075,1
2076,0
2077,0
2078,1
2079,1
2080,1
2081,0
2082,1
2083,3
2084,2
2085,1
2086,3
2087,3
2088,0
2089,1
2090,0
2091,3
2092,1
2093,4
2094,1
2095,2
2096,4
2097,1
2098,0
2099,4
2100,0
2101,2
2102,1
2103,3
2104,0
2105,4
2106,0
2107,1
2108,3
2109,0
2110,1
2111,2
2112,0
2113,0
2114,0
2115,1
2116,2
2117,1
2118,3
2119,1
2120,0
2121,0
2122,0
2123,2
2124,0
2125,3
2126,0
2127,1
2128,4
2129,1
2130,0
2131,0
2132,4
2133,4
2134,2
2135,0
2136,2
2137,0
2138,4
2139,2
2140,0
2141,3
2142,0
2143,3
2144,1
2145,3
2146,0
2147,1
2148,2
2149,0
2150,3
2151,4
2152,2
2153,3
2154,0
2155,3
2156,3
2157,3
2158,3
2159,1
2160,0
2161,2
2162,0
2163,4
2164,3
2165,0
2166,4
2167,1
2168,0
2169,0
2170,3
2171,0
2172,1
2173,0
2174,0
2175,2
2176,2
2177,2
2178,1
2179,0
2180,3
2181,3
2182,1
2183,0
2184,3
2185,2
2186,0
2187,0
2188,4
2189,2
2190,0
2191,1
2192,0
2193,4
2194,2
2195,0
2196,2
2197,2
2198,0
2199,3
2200,3
2201,2
2202,0
2203,4
2204,0
2205,2
2206,2
2207,3
2208,0
2209,0
2210,0
2211,2
2212,2
2213,2
2214,3
2215,2
2216,3
2217,3
2218,4
2219,4
2220,0
2221,3
2222,0
2223,2
2224,2
2225,0
2226,0
2227,2
2228,4
2229,2
2230,2
2231,4
2232,1
2233,0
2234,2
2235,0
2236,1
2237,4
2238,4
2239,3
2240,3
2241,0
2242,3
2243,3
2244,0
2245,0
2246,2
2247,4
2248,0
2249,3
2250,0
2251,2
2252,2
2253,3
2254,3
2255,0
2256,0
2257,0
2258,0
2259,3
2260,2
2261,2
2262,0
2263,2
2264,1
2265,3
2266,1
2267,4
2268,1
2269,0
2270,3
2271,1
2272,0
2273,4
2274,0
2275,0
2276,2
2277,0
2278,2
2279,3
2280,3
2281,4
2282,2
2283,0
2284,1
2285,3
2286,0
2287,3
2288,3
2289,1
2290,0
2291,0
2292,1
2293,0
2294,1
2295,3
2296,1
2297,1
2298,4
2299,2
2300,0
2301,0
2302,3
2303,3
2304,3
2305,1
2306,2
2307,3
2308,2
2309,0
2310,0
2311,0
2312,1
2313,1
2314,2
2315,0
2316,3
2317,3
2318,2
2319,3
2320,1
2321,2
2322,4
2323,0
2324,1
2325,1
2326,0
2327,0
2328,0
2329,3
2330,2
2331,1
2332,3
2333,1
2334,0
2335,1
2336,1
2337,1
2338,0
2339,0
2340,1
2341,3
2342,3
2343,3
2344,0
2345,1
2346,4
2347,2
2348,3
2349,0
2350,0
2351,0
2352,3
2353,3
2354,0
2355,2
2356,3
2357,3
2358,2
2359,1
2360,4
2361,0
2362,1
2363,1
2364,1
2365,0
2366,0
2367,4
2368,0
2369,0
2370,0
2371,0
2372,1
2373,1
2374,3
2375,3
2376,0
2377,2
2378,4
2379,3
2380,3
2381,1
2382,2
2383,3
2384,3
2385,0
2386,3
2387,4
2388,0
2389,2
2390,2
2391,0
2392,3
2393,0
2394,2
2395,4
2396,0
2397,0
2398,1
2399,1
2400,0
2401,2
2402,0
2403,3
2404,3
2405,3
2406,0
2407,3
2408,0
2409,0
2410,3
2411,3
2412,3
2413,2
2414,2
2415,0
2416,4
2417,2
2418,0
2419,3
2420,0
2421,1
2422,4
2423,1
2424,0
2425,1
2426,1
2427,0
2428,0
2429,0
2430,3
2431,0
2432,2
2433,0
2434,0
2435,0
2436,0
2437,3
2438,3
2439,0
2440,0
2441,1
2442,2
2443,0
2444,0
2445,1
2446,1
2447,3
2448,1
2449,3
2450,3
2451,2
2452,3
2453,3
2454,0
2455,0
2456,0
2457,0
2458,1
2459,1
2460,4
2461,0
2462,0
2463,2
2464,0
2465,2
2466,0
2467,3
2468,3
2469,0
2470,2
2471,0
2472,0
2473,0
2474,1
2475,0
2476,0
2477,3
2478,1
2479,0
2480,2
2481,1
2482,3
2483,1
2484,0
2485,2
2486,1
2487,3
2488,1
2489,0
2490,3
2491,3
2492,1
2493,2
2494,1
2495,2
2496,3
2497,1
2498,0
2499,3
2500,3
2501,2
2502,1
2503,0
2504,2
2505,0
2506,1
2507,1
2508,0
2509,0
2510,0
2511,0
2512,0
2513,0
2514,1
2515,3
2516,2
2517,1
2518,2
2519,1
2520,0
2521,1
2522,3
2523,0
2524,3
2525,3
2526,2
2527,0
2528,0
2529,1
2530,0
2531,3
2532,2
2533,1
2534,1
2535,3
2536,1
2537,2
2538,2
2539,1
2540,3
2541,0
2542,2
2543,1
2544,1
2545,1
2546,0
2547,1
2548,3
2549,1
2550,1
2551,0
2552,0
2553,1
2554,0
2555,0
2556,3
2557,0
2558,3
2559,3
2560,2
2561,1
2562,1
2563,1
2564,0
2565,1
2566,4
2567,0
2568,3
2569,2
2570,2
2571,3
2572,3
2573,2
2574,0
2575,2
2576,2
2577,1
2578,2
2579,1
2580,1
2581,2
2582,3
2583,0
2584,1
2585,0
2586,2
2587,2
2588,1
2589,3
2590,1
2591,3
2592,0
2593,3
2594,3
2595,0
2596,4
2597,0
2598,2
2599,3
2600,3
2601,0
2602,3
2603,3
2604,3
2605,0
2606,0
2607,2
2608,2
2609,2
2610,3
2611,1
2612,1
2613,1
2614,0
2615,0
2616,3
2617,2
2618,2
2619,2
2620,1
2621,2
2622,3
2623,4
2624,0
2625,1
2626,3
2627,3
2628,0
2629,0
2630,3
2631,1
2632,0
2633,2
2634,1
2635,3
2636,2
2637,2
2638,1
2639,2
2640,3
2641,3
2642,2
2643,1
2644,3
2645,3
2646,1
2647,1
2648,3
2649,2
2650,0
2651,3
2652,1
2653,1
2654,0
2655,0
2656,3
2657,0
2658,2
2659,3
2660,1
2661,0
2662,1
2663,3
2664,1
2665,0
2666,3
2667,3
2668,3
2669,0
2670,3
2671,1
2672,3
2673,1
2674,1
2675,1
2676,2
2677,0
2678,1
2679,0
2680,1
2681,1
2682,1
2683,0
2684,1
2685,3
2686,0
2687,1
2688,1
2689,2
2690,0
2691,0
2692,0
2693,0
2694,3
2695,0
2696,3
2697,3
2698,1
2699,3
2700,2
2701,1
2702,1
2703,3
2704,1
2705,1
2706,0
2707,3
2708,0
2709,0
2710,2
2711,2
2712,2
2713,1
2714,2
2715,0
2716,2
2717,0
2718,1
2719,1
2720,1
2721,1
2722,0
2723,1
2724,1
2725,0
2726,0
2727,2
2728,0
2729,0
2730,3
2731,0
2732,1
2733,1
2734,2
2735,1
2736,0
2737,0
2738,3
2739,3
2740,1
2741,0
2742,-1
2743,2
2744,1
2745,0
2746,0
2747,1
2748,0
2749,2
2750,1
2751,3
2752,3
2753,0
2754,0
2755,1
2756,1
2757,1
2758,0
2759,2
2760,1
2761,3
2762,1
2763,0
2764,1
2765,0
2766,1
2767,3
2768,2
2769,3
2770,1
2771,1
2772,0
2773,0
2774,2
2775,0
2776,1
2777,0
2778,3
2779,0
2780,0
2781,0
2782,1
2783,3
2784,2
2785,3
2786,1
2787,0
2788,1
2789,3
2790,0
2791,0
2792,1
2793,1
2794,2
2795,2
2796,0
2797,2
2798,0
2799,0
2800,2
2801,3
2802,3
2803,2
2804,0
2805,0
2806,0
2807,0
2808,0
2809,0
2810,1
2811,0
2812,0
2813,1
2814,3
2815,1
2816,1
2817,0
2818,0
2819,1
2820,0
2821,3
2822,1
2823,0
2824,0
2825,1
2826,2
2827,2
2828,1
2829,2
2830,1
2831,0
2832,0
2833,0
2834,2
2835,1
2836,1
2837,0
2838,2
2839,0
2840,0
2841,3
2842,0
2843,0
2844,1
2845,1
2846,3
2847,0
2848,2
2849,0
2850,3
2851,0
2852,0
2853,2
2854,2
2855,1
2856,3
2857,0
2858,1
2859,3
2860,0
2861,1
2862,2
2863,0
2864,2
2865,-1
2866,1
2867,1
2868,3
2869,0
2870,0
2871,1
2872,0
2873,1
2874,3
2875,2
2876,0
2877,0
2878,0
2879,2
2880,0
2881,0
2882,0
2883,0
2884,0
2885,1
2886,0
2887,1
2888,0
2889,3
2890,0
2891,0
2892,0
2893,0
2894,2
2895,0
2896,1
2897,3
2898,1
2899,3
2900,3
2901,0
2902,3
2903,3
2904,0
2905,1
2906,0
2907,0
2908,1
2909,2
2910,0
2911,0
2912,1
2913,2
2914,0
2915,1
2916,0
2917,1
2918,0
2919,0
2920,3
2921,3
2922,1
2923,1
2924,0
2925,0
2926,2
2927,0
2928,0
2929,0
2930,1
2931,1
2932,1
2933,1
2934,0
2935,1
2936,0
2937,0
2938,2
2939,0
2940,3
2941,2
2942,0
2943,0
2944,1
2945,0
2946,0
2947,0
2948,2
2949,1
2950,3
2951,0
2952,0
2953,2
2954,3
2955,0
2956,0
2957,2
2958,1
2959,2
2960,1
2961,1
2962,0
2963,1
2964,0
2965,3
2966,1
2967,0
2968,1
2969,0
2970,2
2971,-1
2972,0
2973,0
2974,3
2975,0
2976,0
2977,0
2978,0
2979,0
2980,4
2981,1
2982,2
2983,2
2984,0
2985,0
2986,1
2987,0
2988,2
2989,2
2990,0
2991,1
2992,3
2993,0
2994,0
2995,0
2996,1
2997,2
2998,3
2999,0
3000,0
3001,0
3002,0
3003,0
3004,0
3005,1
3006,2
3007,0
3008,0
3009,0
3010,2
3011,1
3012,4
3013,1
3014,3
3015,0
3016,-1
3017,0
3018,0
3019,1
3020,2
3021,0
3022,2
3023,0
3024,2
3025,0
3026,0
3027,0
3028,3
3029,3
3030,0
3031,1
3032,0
3033,0
3034,2
3035,1
3036,2
3037,0
3038,2
3039,0
3040,1
3041,0
3042,0
3043,0
3044,4
3045,0
3046,1
3047,0
3048,0
3049,2
3050,2
3051,3
3052,0
3053,0
3054,1
3055,1
3056,0
3057,1
3058,0
3059,4
3060,1
3061,0
3062,1
3063,4
3064,1
3065,0
3066,3
3067,1
3068,2
3069,2
3070,1
3071,0
3072,0
3073,2
3074,2
3075,1
3076,1
3077,2
3078,0
3079,0
3080,2
3081,1
3082,1
3083,2
3084,0
3085,3
3086,3
3087,2
3088,2
3089,2
3090,2
3091,2
3092,2
3093,0
3094,1
3095,1
3096,1
3097,2
3098,0
3099,0
3100,3
3101,1
3102,3
3103,1
3104,1
3105,0
3106,3
3107,0
3108,1
3109,2
3110,3
3111,0
3112,3
3113,1
3114,2
3115,0
3116,1
3117,0
3118,2
3119,1
3120,2
3121,3
3122,0
3123,0
3124,1
3125,0
3126,0
3127,2
3128,0
3129,2
3130,0
3131,2
3132,2
3133,0
3134,0
3135,0
3136,3
3137,1
3138,2
3139,2
3140,0
3141,1
3142,1
3143,0
3144,0
3145,0
3146,0
3147,1
3148,2
3149,0
3150,1
3151,0
3152,0
3153,1
3154,0
3155,0
3156,2
3157,1
3158,1
3159,1
3160,1
3161,1
3162,2
3163,3
3164,0
3165,0
3166,0
3167,0
3168,2
3169,1
3170,2
3171,1
3172,2
3173,2
3174,1
3175,2
3176,0
3177,0
3178,0
3179,2
3180,0
3181,2
3182,0
3183,0
3184,1
3185,1
3186,0
3187,0
3188,0
3189,1
3190,0
3191,2
3192,1
3193,1
3194,0
3195,0
3196,0
3197,0
3198,1
3199,0
3200,0
3201,1
3202,0
3203,2
3204,1
3205,2
3206,1
3207,1
3208,2
3209,0
3210,0
3211,2
3212,2
3213,2
3214,2
3215,0
3216,1
3217,0
3218,2
3219,1
3220,1
3221,1
3222,2
3223,1
3224,1
3225,0
3226,0
3227,2
3228,0
3229,0
3230,0
3231,1
3232,2
3233,1
3234,2
3235,0
3236,1
3237,0
3238,0
3239,1
3240,0
3241,2
3242,0
3243,0
3244,0
3245,1
3246,2
3247,2
3248,1
3249,-1
3250,1
3251,1
3252,2
3253,0
3254,0
3255,1
3256,0
3257,0
3258,2
3259,0
3260,1
3261,2
3262,2
3263,0
3264,0
3265,0
3266,1
3267,0
3268,1
3269,0
3270,2
3271,0
3272,2
3273,0
3274,1
3275,2
3276,0
3277,0
3278,0
3279,0
3280,0
3281,2
3282,0
3283,0
3284,1
3285,0
3286,1
3287,1
3288,0
3289,0
3290,2
3291,2
3292,2
3293,1
3294,0
3295,0
3296,2
3297,2
3298,0
3299,1
3300,1
3301,0
3302,1
3303,1
3304,1
3305,0
3306,1
3307,2
3308,1
3309,0
3310,0
3311,1
3312,2
3313,0
3314,0
3315,0
3316,1
3317,0
3318,1
3319,3
3320,1
3321,0
3322,0
3323,0
3324,0
3325,0
3326,2
3327,2
3328,2
3329,1
3330,2
3331,0
3332,0
3333,0
3334,1
3335,2
3336,1
3337,0
3338,1
3339,1
3340,3
3341,0
3342,1
3343,3
3344,0
3345,1
3346,2
3347,2
3348,1
3349,1
3350,1
3351,1
3352,1
3353,1
3354,0
3355,0
3356,2
3357,1
3358,1
3359,1
3360,3
3361,0
3362,0
3363,0
3364,1
3365,1
3366,2
3367,2
3368,2
3369,0
3370,1
3371,0
3372,1
3373,3
3374,1
3375,1
3376,0
3377,1
3378,1
3379,1
3380,0
3381,0
3382,1
3383,0
3384,1
3385,0
3386,1
3387,1
3388,0
3389,2
3390,1
3391,1
3392,0
3393,0
3394,0
3395,0
3396,1
3397,0
3398,2
3399,1
3400,0
3401,1
3402,1
3403,1
3404,0
3405,1
3406,1
3407,2
3408,0
3409,0
3410,2
3411,3
3412,0
3413,1
3414,0
3415,1
3416,0
3417,2
3418,0
3419,1
3420,2
3421,0
3422,1
3423,1
3424,1
3425,0
3426,0
3427,0
3428,-1
3429,0
3430,1
3431,0
3432,0
3433,4
3434,1
3435,0
3436,0
3437,2
3438,1
3439,1
3440,1
3441,0
3442,3
3443,3
3444,1
3445,1
3446,3
3447,0
3448,-1
3449,0
3450,0
3451,0
3452,2
3453,2
3454,2
3455,0
3456,0
3457,0
3458,0
3459,0
3460,0
3461,3
3462,2
3463,1
3464,4
3465,1
3466,0
3467,1
3468,0
3469,3
3470,1
3471,3
3472,1
3473,2
3474,0
3475,0
3476,0
3477,0
3478,2
3479,0
3480,0
3481,0
3482,1
3483,2
3484,3
3485,3
3486,0
3487,2
3488,0
3489,0
3490,3
3491,0
3492,2
3493,3
3494,1
3495,2
3496,1
3497,3
3498,1
3499,1
3500,0
3501,0
3502,0
3503,1
3504,1
3505,0
3506,0
3507,0
3508,1
3509,2
3510,0
3511,1
3512,0
3513,0
3514,1
3515,2
3516,3
3517,1
3518,2
3519,0
3520,0
3521,0
3522,0
3523,2
3524,0
3525,2
3526,3
3527,0
3528,0
3529,2
3530,0
3531,2
3532,1
3533,4
3534,1
3535,0
3536,2
3537,0
3538,1
3539,0
3540,3
3541,2
3542,0
3543,2
3544,0
3545,1
3546,3
3547,1
3548,0
3549,0
3550,0
3551,2
3552,0
3553,0
3554,2
3555,2
3556,0
3557,3
3558,0
3559,2
3560,4
3561,2
3562,0
3563,2
3564,1
3565,0
3566,3
3567,2
3568,2
3569,2
3570,2
3571,4
3572,0
3573,2
3574,0
3575,1
3576,3
3577,0
3578,3
3579,0
3580,1
3581,0
3582,0
3583,1
3584,0
3585,0
3586,3
3587,0
3588,0
3589,0
3590,2
3591,0
3592,0
3593,1
3594,2
3595,2
3596,3
3597,0
3598,1
3599,2
3600,4
3601,2
3602,4
3603,0
3604,3
3605,3
3606,0
3607,0
3608,0
3609,0
3610,3
3611,3
3612,4
3613,0
3614,0
3615,0
3616,2
3617,1
3618,0
3619,0
3620,-1
3621,2
3622,2
3623,3
3624,1
3625,2
3626,0
3627,2
3628,0
3629,2
3630,2
3631,2
3632,2
3633,2
3634,0
3635,4
3636,1
3637,0
3638,1
3639,2
3640,3
3641,3
3642,1
3643,0
3644,3
3645,0
3646,0
3647,0
3648,0
3649,0
3650,1
3651,0
3652,0
3653,0
3654,2
3655,0
3656,0
3657,0
3658,2
3659,3
3660,2
3661,1
3662,0
3663,2
3664,3
3665,3
3666,0
3667,2
3668,1
3669,4
3670,0
3671,3
3672,3
3673,1
3674,4
3675,0
3676,4
3677,3
3678,4
3679,0
3680,1
3681,2
3682,1
3683,0
3684,1
3685,0
3686,2
3687,0
3688,1
3689,4
3690,4
3691,1
3692,1
3693,2
3694,1
3695,2
3696,4
3697,0
3698,1
3699,0
3700,1
3701,0
3702,0
3703,1
3704,0
3705,0
3706,0
3707,3
3708,0
3709,1
3710,1
3711,1
3712,1
3713,1
3714,2
3715,0
3716,1
3717,1
3718,4
3719,1
3720,3
3721,1
3722,1
3723,2
3724,2
3725,0
3726,0
3727,1
3728,1
3729,3
3730,2
3731,1
3732,0
3733,0
3734,0
3735,0
3736,4
3737,0
3738,0
3739,0
3740,4
3741,1
3742,3
3743,0
3744,0
3745,0
3746,1
3747,0
3748,1
3749,0
3750,0
3751,4
3752,0
3753,3
3754,1
3755,2
3756,1
3757,2
3758,0
3759,1
3760,3
3761,0
3762,1
3763,1
3764,1
3765,3
3766,0
3767,0
3768,1
3769,1
3770,0
3771,0
3772,1
3773,0
3774,0
3775,2
3776,1
3777,1
3778,3
3779,0
3780,1
3781,0
3782,0
3783,0
3784,0
3785,1
3786,0
3787,0
3788,0
3789,1
3790,2
3791,1
3792,1
3793,1
3794,0
3795,3
3796,0
3797,0
3798,1
3799,1
3800,3
3801,3
3802,1
3803,3
3804,1
3805,2
3806,0
3807,0
3808,4
3809,4
3810,0
3811,1
3812,1
3813,1
3814,4
3815,1
3816,1
3817,0
3818,0
3819,0
3820,0
3821,1
3822,0
3823,3
3824,0
3825,1
3826,0
3827,0
3828,2
3829,1
3830,1
3831,0
3832,0
3833,0
3834,3
3835,0
3836,2
3837,0
3838,2
3839,1
3840,1
3841,0
3842,1
3843,0
3844,4
3845,3
3846,1
3847,1
3848,1
3849,3
3850,0
3851,1
3852,0
3853,1
3854,0
3855,2
3856,1
3857,2
3858,0
3859,0
3860,1
3861,1
3862,0
3863,1
3864,0
3865,1
3866,0
3867,1
3868,2
3869,1
3870,2
3871,0
3872,0
3873,1
3874,1
3875,0
3876,2
3877,0
3878,0
3879,1
3880,0
3881,4
3882,0
3883,1
3884,0
3885,0
3886,0
3887,1
3888,1
3889,0
3890,0
3891,0
3892,0
3893,0
3894,2
3895,0
3896,0
3897,1
3898,1
3899,1
3900,2
3901,1
3902,2
3903,1
3904,0
3905,0
3906,1
3907,2
3908,1
3909,1
3910,0
3911,0
3912,1
3913,1
3914,1
3915,0
3916,1
3917,2
3918,0
3919,0
3920,2
3921,2
3922,2
3923,0
3924,1
3925,0
3926,0
3927,2
3928,0
3929,2
3930,0
3931,0
3932,1
3933,1
3934,1
3935,1
3936,2
3937,1
3938,0
3939,0
3940,0
3941,0
3942,0
3943,1
3944,1
3945,1
3946,2
3947,2
3948,0
3949,2
3950,1
3951,0
3952,1
3953,4
3954,1
3955,2
3956,2
3957,0
3958,2
3959,2
3960,0
3961,0
3962,0
3963,1
3964,0
3965,1
3966,0
3967,0
3968,0
3969,0
3970,2
3971,1
3972,1
3973,1
3974,0
3975,0
3976,1
3977,2
3978,0
3979,0
3980,2
3981,1
3982,0
3983,2
3984,2
3985,0
3986,2
3987,0
3988,2
3989,1
3990,1
3991,0
3992,4
3993,2
3994,2
3995,1
3996,1
3997,0
3998,1
3999,0
4000,1
4001,1
4002,1
4003,1
4004,0
4005,0
4006,2
4007,2
4008,1
4009,1
4010,0
4011,2
4012,0
4013,1
4014,0
4015,1
4016,2
4017,0
4018,0
4019,1
4020,2
4021,1
4022,2
4023,0
4024,0
4025,0
4026,2
4027,0
4028,2
4029,0
4030,0
4031,1
4032,0
4033,0
4034,2
4035,2
4036,0
4037,0
4038,1
4039,0
4040,1
4041,0
4042,2
4043,1
4044,1
4045,0
4046,2
4047,2
4048,2
4049,0
4050,0
4051,0
4052,0
4053,0
4054,0
4055,2
4056,0
4057,0
4058,1
4059,0
4060,2
4061,2
4062,0
4063,1
4064,0
4065,1
4066,1
4067,0
4068,1
4069,2
4070,0
4071,1
4072,2
4073,2
4074,0
4075,1
4076,2
4077,2
4078,0
4079,2
4080,0
4081,2
4082,2
4083,0
4084,1
4085,1
4086,1
4087,1
4088,1
4089,0
4090,1
4091,0
4092,1
4093,1
4094,1
4095,0
4096,0
4097,0
4098,1
4099,2
4100,0
4101,0
4102,1
4103,0
4104,2
4105,0
4106,0
4107,0
4108,0
4109,0
4110,0
4111,2
4112,0
4113,2
4114,1
4115,2
4116,0
4117,1
4118,0
4119,0
4120,2
4121,2
4122,1
4123,2
4124,2
4125,0
4126,1
4127,0
4128,0
4129,0
4130,2
4131,0
4132,0
4133,0
4134,1
4135,1
4136,0
4137,2
4138,0
4139,1
4140,0
4141,0
4142,1
4143,2
4144,2
4145,0
4146,0
4147,0
4148,2
4149,0
4150,0
4151,2
4152,0
4153,1
4154,1
4155,2
4156,0
4157,1
4158,1
4159,1
4160,2
4161,2
4162,0
4163,1
4164,1
4165,1
4166,0
4167,1
4168,0
4169,1
4170,0
4171,0
4172,1
4173,0
4174,1
4175,2
4176,1
4177,1
4178,0
4179,0
4180,1
4181,1
4182,2
4183,0
4184,0
4185,0
4186,0
4187,0
4188,1
4189,1
4190,0
4191,1
4192,0
4193,2
4194,1
4195,2
4196,1
4197,2
4198,2
4199,-1
4200,0
4201,2
4202,0
4203,1
4204,1
4205,0
4206,1
4207,0
4208,0
4209,0
4210,0
4211,2
4212,2
4213,0
4214,2
4215,2
4216,2
4217,0
4218,0
4219,0
4220,1
4221,0
4222,2
4223,0
4224,2
4225,1
4226,0
4227,2
4228,1
4229,1
4230,2
4231,0
4232,1
4233,0
4234,1
4235,0
4236,1
4237,2
4238,0
4239,0
4240,1
4241,2
4242,1
4243,2
4244,2
4245,2
4246,1
4247,2
4248,1
4249,0
4250,0
4251,0
4252,0
4253,1
4254,0
4255,0
4256,1
4257,2
4258,1
4259,1
4260,0
4261,2
4262,0
4263,1
4264,0
4265,1
4266,0
4267,0
4268,0
4269,0
4270,0
4271,0
4272,1
4273,1
4274,2
4275,0
4276,2
4277,1
4278,0
4279,1
4280,1
4281,1
4282,1
4283,1
4284,1
4285,0
4286,1
4287,1
4288,2
4289,0
4290,0
4291,0
4292,0
4293,0
4294,1
4295,2
4296,0
4297,2
4298,1
4299,0
4300,0
4301,0
4302,0
4303,0
4304,0
4305,0
4306,0
4307,0
4308,1
4309,0
4310,0
4311,1
4312,2
4313,0
4314,0
4315,0
4316,0
4317,0
4318,2
4319,0
4320,1
4321,0
4322,2
4323,2
4324,2
4325,2
4326,2
4327,0
4328,2
4329,0
4330,0
4331,0
4332,2
4333,2
4334,2
4335,2
4336,0
4337,0
4338,2
4339,1
4340,0
4341,0
4342,1
4343,2
4344,1
4345,2
4346,2
4347,0
4348,2
4349,0
4350,1
4351,0
4352,1
4353,2
4354,0
4355,2
4356,0
4357,2
4358,0
4359,0
4360,0
4361,2
4362,2
4363,0
4364,0
4365,2
4366,2
4367,0
4368,1
4369,0
4370,2
4371,0
4372,1
4373,2
4374,0
4375,1
4376,0
4377,1
4378,0
4379,1
4380,2
4381,2
4382,1
4383,0
4384,2
4385,2
4386,2
4387,0
4388,0
4389,1
4390,0
4391,2
4392,1
4393,0
4394,2
4395,2
4396,0
4397,1
4398,2
4399,2
4400,1
4401,2
4402,2
4403,0
4404,0
4405,1
4406,1
4407,2
4408,2
4409,0
4410,1
4411,0
4412,2
4413,0
4414,2
4415,0
4416,2
4417,0
4418,0
4419,1
4420,0
4421,2
4422,2
4423,2
4424,1
4425,2
4426,2
4427,-1
4428,0
4429,2
4430,1
4431,1
4432,2
4433,1
4434,1
4435,-1
4436,2
4437,1
4438,2
4439,2
4440,2
4441,0
4442,2
4443,0
4444,2
4445,1
4446,0
4447,2
4448,0
4449,1
4450,2
4451,1
4452,2
4453,1
4454,0
4455,2
4456,0
4457,0
4458,1
4459,2
4460,1
4461,1
4462,1
4463,0
4464,1
4465,0
4466,2
4467,2
4468,0
4469,2
4470,1
4471,2
4472,0
4473,1
4474,0
4475,2
4476,2
4477,0
4478,2
4479,1
4480,2
4481,0
4482,2
4483,1
4484,2
4485,2
4486,0
4487,1
4488,2
4489,1
4490,2
4491,2
4492,0
4493,0
4494,0
4495,0
4496,0
4497,2
4498,0
4499,0
4500,2
4501,2
4502,2
4503,2
4504,1
4505,2
4506,2
4507,1
4508,1
4509,2
4510,2
4511,0
4512,2
4513,2
4514,1
4515,0
4516,1
4517,1
4518,2
4519,2
4520,2
4521,0
4522,0
4523,2
4524,1
4525,2
4526,2
4527,2
4528,2
4529,0
4530,1
4531,1
4532,2
4533,2
4534,2
4535,2
4536,1
4537,0
4538,1
4539,2
4540,2
4541,0
4542,0
4543,0
4544,0
4545,2
4546,1
4547,1
4548,0
4549,0
4550,0
4551,0
4552,0
4553,2
4554,2
4555,2
4556,2
4557,1
4558,0
4559,2
4560,2
4561,1
4562,2
4563,2
4564,2
4565,0
4566,1
4567,0
4568,1
4569,0
4570,0
4571,2
4572,2
4573,2
4574,0
4575,2
4576,0
4577,2
4578,0
4579,2
4580,0
4581,2
4582,2
4583,1
4584,0
4585,0
4586,1
4587,0
4588,1
4589,2
4590,0
4591,0
4592,2
4593,2
4594,2
4595,2
4596,2
4597,0
4598,1
4599,0
4600,2
4601,0
4602,2
4603,1
4604,2
4605,2
4606,2
4607,2
4608,0
4609,1
4610,0
4611,1
4612,1
4613,2
4614,2
4615,2
4616,2
4617,0
4618,2
4619,0
4620,1
4621,0
4622,0
4623,2
4624,2
4625,2
4626,0
4627,0
4628,1
4629,2
4630,2
4631,2
4632,2
4633,0
4634,0
4635,2
4636,2
4637,2
4638,2
4639,1
4640,0
4641,2
4642,2
4643,2
4644,2
4645,0
4646,0
4647,1
4648,2
4649,2
4650,0
4651,0
4652,1
4653,1
4654,2
4655,0
4656,2
4657,0
4658,2
4659,2
4660,2
4661,0
4662,2
4663,2
4664,0
4665,1
4666,0
4667,0
4668,2
4669,2
4670,2
4671,2
4672,0
4673,2
4674,0
4675,0
4676,0
4677,2
4678,0
4679,2
4680,2
4681,0
4682,1
4683,2
4684,1
4685,1
4686,2
4687,2
4688,2
4689,4
4690,2
4691,0
4692,1
4693,0
4694,2
4695,2
4696,2
4697,0
4698,2
4699,1
4700,0
4701,0
4702,1
4703,2
4704,2
4705,1
4706,2
4707,2
4708,2
4709,1
4710,0
4711,2
4712,2
4713,1
4714,1
4715,4
4716,2
4717,2
4718,0
4719,2
4720,2
4721,0
4722,4
4723,2
4724,0
4725,4
4726,4
4727,2
4728,2
4729,0
4730,1
4731,2
4732,1
4733,0
4734,1
4735,2
4736,2
4737,2
4738,1
4739,2
4740,2
4741,2
4742,2
4743,4
4744,2
4745,1
4746,1
4747,2
4748,2
4749,1
4750,1
4751,2
4752,2
4753,1
4754,4
4755,2
4756,0
4757,0
4758,2
4759,4
4760,2
4761,2
4762,4
4763,2
4764,1
4765,2
4766,4
4767,0
4768,1
4769,4
4770,0
4771,2
4772,2
4773,1
4774,0
4775,1
4776,2
4777,4
4778,4
4779,2
4780,0
4781,1
4782,1
4783,2
4784,1
4785,2
4786,1
4787,0
4788,0
4789,0
4790,2
4791,2
4792,4
4793,0
4794,4
4795,4
4796,2
4797,0
4798,1
4799,4
4800,1
4801,1
4802,0
4803,1
4804,2
4805,0
4806,4
4807,1
4808,1
4809,0
4810,2
4811,2
4812,0
4813,0
4814,2
4815,2
4816,4
4817,0
4818,0
4819,1
4820,2
4821,4
4822,2
4823,0
4824,0
4825,2
4826,0
4827,0
4828,2
4829,2
4830,4
4831,2
4832,0
4833,4
4834,0
4835,0
4836,0
4837,0
4838,0
4839,4
4840,0
4841,2
4842,0
4843,2
4844,0
4845,0
4846,0
4847,2
4848,1
4849,2
4850,1
4851,1
4852,0
4853,2
4854,1
4855,0
4856,0
4857,2
4858,0
4859,2
4860,2
4861,0
4862,0
4863,1
4864,2
4865,1
4866,4
4867,0
4868,4
4869,2
4870,2
4871,1
4872,0
4873,0
4874,2
4875,0
4876,2
4877,2
4878,0
4879,0
4880,0
4881,1
4882,4
4883,0
4884,2
4885,1
4886,0
4887,2
4888,0
4889,1
4890,0
4891,1
4892,0
4893,1
4894,0
4895,2
4896,1
4897,0
4898,2
4899,2
4900,2
4901,2
4902,1
4903,4
4904,0
4905,0
4906,2
4907,1
4908,4
4909,1
4910,0
4911,1
4912,0
4913,0
4914,1
4915,2
4916,0
4917,2
4918,1
4919,0
4920,0
4921,4
4922,2
4923,1
4924,1
4925,0
4926,1
4927,0
4928,0
4929,0
4930,2
4931,4
4932,0
4933,4
4934,1
4935,0
4936,2
4937,0
4938,1
4939,2
4940,0
4941,1
4942,2
4943,4
4944,2
4945,2
4946,0
4947,2
4948,0
4949,0
4950,0
4951,4
4952,1
4953,2
4954,0
4955,3
4956,1
4957,1
4958,0
4959,0
4960,0
4961,4
4962,0
4963,0
4964,2
4965,1
4966,4
4967,2
4968,0
4969,2
4970,0
4971,0
4972,2
4973,3
4974,0
4975,0
4976,4
4977,0
4978,0
4979,0
4980,2
4981,0
4982,0
4983,0
4984,1
4985,4
4986,2
4987,0
4988,0
4989,0
4990,0
4991,0
4992,2
4993,0
4994,0
4995,0
4996,0
4997,0
4998,1
4999,2
5000,0
5001,0
5002,0
5003,0
5004,1
5005,1
5006,0
5007,0
5008,0
5009,0
5010,0
5011,0
5012,0
5013,2
5014,0
5015,0
5016,2
5017,0
5018,1
5019,1
5020,0
5021,0
5022,2
5023,0
5024,2
5025,0
5026,0
5027,1
5028,0
5029,0
5030,0
5031,0
5032,0
5033,0
5034,1
5035,0
5036,2
5037,0
5038,1
5039,2
5040,0
5041,0
5042,2
5043,0
5044,0
5045,2
5046,2
5047,0
5048,0
5049,0
5050,0
5051,0
5052,0
5053,0
5054,0
5055,0
5056,1
5057,2
5058,0
5059,0
5060,0
5061,1
5062,0
5063,0
5064,1
5065,0
5066,1
5067,0
5068,0
5069,2
5070,0
5071,0
5072,2
5073,0
5074,0
5075,2
5076,0
5077,0
5078,2
5079,0
5080,2
5081,1
5082,2
5083,0
5084,0
5085,1
5086,0
5087,0
5088,0
5089,0
5090,1
5091,0
5092,2
5093,0
5094,2
5095,0
5096,0
5097,0
5098,1
5099,0
5100,2
5101,0
5102,0
5103,0
5104,0
5105,2
5106,0
5107,1
5108,0
5109,0
5110,0
5111,0
5112,0
5113,2
5114,2
5115,2
5116,1
5117,0
5118,0
5119,0
5120,1
5121,0
5122,0
5123,0
5124,0
5125,0
5126,0
5127,2
5128,2
5129,0
5130,1
5131,0
5132,0
5133,0
5134,2
5135,0
5136,1
5137,0
5138,0
5139,0
5140,0
5141,0
5142,0
5143,0
5144,0
5145,0
5146,0
5147,0
5148,0
5149,0
5150,1
5151,0
5152,1
5153,0
5154,1
5155,0
5156,0
5157,0
5158,0
5159,1
5160,0
5161,0
5162,1
5163,1
5164,0
5165,0
5166,1
5167,0
5168,0
5169,0
5170,0
5171,0
5172,0
5173,0
5174,0
5175,1
5176,0
5177,1
5178,0
5179,0
5180,1
5181,0
5182,0
5183,0
5184,0
5185,0
5186,0
5187,0
5188,1
5189,0
5190,1
5191,1
5192,1
5193,2
5194,0
5195,0
5196,1
5197,1
5198,2
5199,0
5200,0
5201,0
5202,0
5203,0
5204,1
5205,0
5206,0
5207,1
5208,1
5209,1
5210,1
5211,0
5212,0
5213,2
5214,1
5215,1
5216,1
5217,1
5218,0
5219,0
5220,1
5221,0
5222,2
5223,0
5224,0
5225,1
5226,1
5227,0
5228,2
5229,0
5230,0
5231,1
5232,2
5233,1
5234,3
5235,0
5236,1
5237,0
5238,1
5239,0
5240,3
5241,1
5242,0
5243,1
5244,2
5245,1
5246,0
5247,3
5248,0
5249,0
5250,1
5251,1
5252,2
5253,1
5254,2
5255,0
5256,0
5257,0
5258,3
5259,1
5260,1
5261,1
5262,0
5263,1
5264,1
5265,1
5266,1
5267,2
5268,0
5269,2
5270,1
5271,0
5272,3
5273,1
5274,0
5275,1
5276,1
5277,1
5278,0
5279,0
5280,1
5281,0
5282,0
5283,1
5284,0
5285,3
5286,3
5287,1
5288,2
5289,0
5290,0
5291,1
5292,1
5293,1
5294,0
5295,0
5296,0
5297,0
5298,0
5299,0
5300,1
5301,0
5302,0
5303,3
5304,1
5305,0
5306,3
5307,0
5308,0
5309,0
5310,3
5311,3
5312,2
5313,1
5314,1
5315,0
5316,2
5317,0
5318,1
5319,1
5320,1
5321,0
5322,1
5323,0
5324,1
5325,0
5326,0
5327,2
5328,0
5329,3
5330,3
5331,3
5332,0
5333,1
5334,1
5335,0
5336,0
5337,1
5338,0
5339,3
5340,2
5341,1
5342,0
5343,0
5344,0
5345,3
5346,0
5347,1
5348,1
5349,3
5350,0
5351,1
5352,0
5353,1
5354,0
5355,0
5356,0
5357,3
5358,2
5359,0
5360,1
5361,3
5362,3
5363,1
5364,1
5365,3
5366,1
5367,3
5368,0
5369,0
5370,0
5371,0
5372,0
5373,0
5374,0
5375,0
5376,1
5377,0
5378,0
5379,0
5380,1
5381,0
5382,0
5383,1
5384,0
5385,0
5386,1
5387,1
